ShiftDemand_index_1,ShiftDemand_index_2,ShiftDemand
Oahu,2007011200,84.99971861722766
Oahu,2007011202,113.28934588692591
Oahu,2007011204,76.46647747481086
Oahu,2007011206,-91.35621342871357
Oahu,2007011208,-36.473208190958815
Oahu,2007011210,38.896448610735774
Oahu,2007011212,98.6917789842006
Oahu,2007011214,84.10779567726658
Oahu,2007011216,-96.80073049603396
Oahu,2007011218,-107.083723695232
Oahu,2007011220,-96.24485647544371
Oahu,2007011222,-68.49283296478531
Oahu,2007011900,110.38511274628128
Oahu,2007011902,110.3851127462813
Oahu,2007011904,34.20214139138005
Oahu,2007011906,-88.55252397542431
Oahu,2007011908,-81.79860821497405
Oahu,2007011910,53.059748044448085
Oahu,2007011912,131.74626866597254
Oahu,2007011914,83.40605220036196
Oahu,2007011916,-99.73939979401871
Oahu,2007011918,-105.18361739908
Oahu,2007011920,-94.88483474064361
Oahu,2007011922,-53.02545167058451
Oahu,2007021200,10.408542684367731
Oahu,2007021202,27.95107004080895
Oahu,2007021204,-20.247989823059182
Oahu,2007021206,-84.3258201329515
Oahu,2007021208,-22.374882510337795
Oahu,2007021210,116.34077372915318
Oahu,2007021212,155.4511820610644
Oahu,2007021214,155.45118206106437
Oahu,2007021216,-61.54111708426491
Oahu,2007021218,-106.990783713355
Oahu,2007021220,-95.63868126031261
Oahu,2007021222,-74.48347605217761
Oahu,2007050200,-45.64257305140417
Oahu,2007050202,-46.51017072064778
Oahu,2007050204,-46.51017072064778
Oahu,2007050206,-89.24337784070991
Oahu,2007050208,57.550519992141844
Oahu,2007050210,198.54727783443815
Oahu,2007050212,198.54727783443815
Oahu,2007050214,163.38745223722165
Oahu,2007050216,-104.65489216884701
Oahu,2007050218,-106.21215319851899
Oahu,2007050220,-99.9593577511276
Oahu,2007050222,-79.29983244633661
Oahu,2007092200,-58.115409143290805
Oahu,2007092202,-33.46105318005686
Oahu,2007092204,-33.461053180056865
Oahu,2007092206,-79.5032677400007
Oahu,2007092208,5.951815995707237
Oahu,2007092210,183.81683029644336
Oahu,2007092212,203.30156762385064
Oahu,2007092214,148.24209873782007
Oahu,2007092216,-47.85417801972707
Oahu,2007092218,-106.505430474664
Oahu,2007092220,-97.481990900873
Oahu,2007092222,-84.92993001515201
Oahu,2007102700,65.97994154499366
Oahu,2007102702,82.1143444100906
Oahu,2007102704,-14.457888010914234
Oahu,2007102706,-78.66164457078116
Oahu,2007102708,55.4170299563539
Oahu,2007102710,100.52213491321162
Oahu,2007102712,100.5221349132116
Oahu,2007102714,40.351585072482095
Oahu,2007102716,-99.89016909795251
Oahu,2007102718,-104.744734151328
Oahu,2007102720,-96.14158982891371
Oahu,2007102722,-51.011145150453764
Oahu,2007121500,14.06138949006517
Oahu,2007121502,59.2813030874324
Oahu,2007121504,53.15538377510011
Oahu,2007121506,-66.63679662313697
Oahu,2007121508,-72.04965131895743
Oahu,2007121510,-19.58108209662747
Oahu,2007121512,160.22792445804558
Oahu,2007121514,160.22792445804558
Oahu,2007121516,-15.42736545262078
Oahu,2007121518,-101.03642887443601
Oahu,2007121520,-92.84118780581488
Oahu,2007121522,-79.3814130970953
Oahu,2008022000,67.98911308897128
Oahu,2008022002,67.98911308897128
Oahu,2008022004,9.049596395496032
Oahu,2008022006,-87.53476362860181
Oahu,2008022008,-43.38350544527003
Oahu,2008022010,161.11431203014882
Oahu,2008022012,161.11431203014882
Oahu,2008022014,33.65009776515142
Oahu,2008022016,-105.251191723746
Oahu,2008022018,-110.05379266872201
Oahu,2008022020,-98.0644501131426
Oahu,2008022022,-56.61884081940527
Oahu,2008041000,51.754978221218664
Oahu,2008041002,82.91170648631243
Oahu,2008041004,82.91170648631245
Oahu,2008041006,-88.41956616982667
Oahu,2008041008,-57.912924493079274
Oahu,2008041010,14.138672073951756
Oahu,2008041012,124.17506432370166
Oahu,2008041014,37.84625877307134
Oahu,2008041016,4.794897969873493
Oahu,2008041018,-109.51111377677101
Oahu,2008041020,-100.31989222732
Oahu,2008041022,-42.369787667444804
Oahu,2008061700,74.7032782307556
Oahu,2008061702,74.70327823075559
Oahu,2008061704,56.79012129364403
Oahu,2008061706,-84.97488772739595
Oahu,2008061708,29.16376114682505
Oahu,2008061710,123.55141791842907
Oahu,2008061712,93.9418158998197
Oahu,2008061714,-15.139415003698407
Oahu,2008061716,-61.888886975717135
Oahu,2008061718,-107.38866016576002
Oahu,2008061720,-104.170123891559
Oahu,2008061722,-79.2916989560985
Oahu,2008081800,84.78100097777372
Oahu,2008081802,85.02704574594259
Oahu,2008081804,47.53367492202005
Oahu,2008081806,-93.21465969930141
Oahu,2008081808,11.750063960606662
Oahu,2008081810,23.920197876832383
Oahu,2008081812,142.21753390988033
Oahu,2008081814,95.0048321235655
Oahu,2008081816,-99.19144461826748
Oahu,2008081818,-111.516666203547
Oahu,2008081820,-107.51199627756701
Oahu,2008081822,-78.79958271793832
Oahu,2008091000,61.55884445942306
Oahu,2008091002,68.51489193564026
Oahu,2008091004,41.08859868191503
Oahu,2008091006,-92.64409612120241
Oahu,2008091008,36.05523809343703
Oahu,2008091010,108.97500228272335
Oahu,2008091012,108.97500228272335
Oahu,2008091014,79.13669795706221
Oahu,2008091016,-112.23201565202902
Oahu,2008091018,-113.64662723006
Oahu,2008091020,-104.25592292585901
Oahu,2008091022,-81.5256137637738
Oahu,2008112200,103.25839485412769
Oahu,2008112202,113.40880221676741
Oahu,2008112204,46.770946194482676
Oahu,2008112206,-71.2887164837838
Oahu,2008112208,-88.608324045288
Oahu,2008112210,-14.926157280838627
Oahu,2008112212,63.85777444898289
Oahu,2008112214,147.78972777557496
Oahu,2008112216,-88.85876388053364
Oahu,2008112218,-97.25686670278822
Oahu,2008112220,-87.4714868408051
Oahu,2008112222,-26.675330255898274
Oahu,2307011200,-19.76005796174397
Oahu,2307011202,-19.760057961743968
Oahu,2307011204,-19.76005796174398
Oahu,2307011206,-92.9493595267308
Oahu,2307011208,5.0100029114088
Oahu,2307011210,117.36307427883871
Oahu,2307011212,117.36307427883871
Oahu,2307011214,117.36307427883871
Oahu,2307011216,83.57746155580338
Oahu,2307011218,-108.82792116410002
Oahu,2307011220,-97.8849544572171
Oahu,2307011222,-81.7342782704485
Oahu,2307011900,41.63143239599439
Oahu,2307011902,41.63143239599439
Oahu,2307011904,41.63143239599438
Oahu,2307011906,-90.11874266228851
Oahu,2307011908,63.42748430604886
Oahu,2307011910,92.60863718711417
Oahu,2307011912,92.60863718711418
Oahu,2307011914,92.60863718711418
Oahu,2307011916,-92.27446924786015
Oahu,2307011918,-106.90956572005801
Oahu,2307011920,-96.51187069645441
Oahu,2307011922,-80.3330447287135
Oahu,2307021200,-55.36422694882017
Oahu,2307021202,-51.77665580898
Oahu,2307021204,-59.7951730481793
Oahu,2307021206,-85.85144438377552
Oahu,2307021208,27.58625226991398
Oahu,2307021210,156.09764660881476
Oahu,2307021212,156.09764660881478
Oahu,2307021214,156.09764660881478
Oahu,2307021216,38.82992572197837
Oahu,2307021218,-108.734088560859
Oahu,2307021220,-97.2729573671885
Oahu,2307021222,-75.91457170053421
Oahu,2307050200,-63.6579485482747
Oahu,2307050202,-59.023660532640704
Oahu,2307050204,-64.5045271464063
Oahu,2307050206,-90.8162316797146
Oahu,2307050208,117.46223628277234
Oahu,2307050210,117.46223628277232
Oahu,2307050212,117.46223628277232
Oahu,2307050214,117.46223628277232
Oahu,2307050216,98.51371918935243
Oahu,2307050218,-107.94797986259401
Oahu,2307050220,-101.635130833423
Oahu,2307050222,-80.7771857173884
Oahu,2307092200,-71.60974038072482
Oahu,2307092202,-65.5502393803053
Oahu,2307092204,-67.23714106968568
Oahu,2307092206,-80.9825748600386
Oahu,2307092208,122.15495070946595
Oahu,2307092210,122.15495070946596
Oahu,2307092212,122.15495070946596
Oahu,2307092214,122.15495070946596
Oahu,2307092216,90.59929367758312
Oahu,2307092218,-108.24407385504401
Oahu,2307092220,-99.1339706648053
Oahu,2307092222,-86.4613563048432
Oahu,2307102700,-63.321356345391706
Oahu,2307102702,-63.321356345391706
Oahu,2307102704,-63.321356345391706
Oahu,2307102706,-80.13286850846566
Oahu,2307102708,166.38580529792492
Oahu,2307102710,166.38580529792492
Oahu,2307102712,166.38580529792492
Oahu,2307102714,157.60716329730096
Oahu,2307102716,-97.73672855573668
Oahu,2307102718,-106.46646731586401
Oahu,2307102720,-97.78069600917131
Oahu,2307102722,-84.68374976566301
Oahu,2307121500,-37.05277373391177
Oahu,2307121502,0.6553930459245372
Oahu,2307121504,0.6553930459245372
Oahu,2307121506,-75.95940283319405
Oahu,2307121508,9.435855355442056
Oahu,2307121510,82.83970414376543
Oahu,2307121512,168.30824871221017
Oahu,2307121514,168.30824871221017
Oahu,2307121516,-39.159974100857575
Oahu,2307121518,-102.72254644654
Oahu,2307121520,-94.4485960096289
Oahu,2307121522,-80.85954989134461
Oahu,2308022000,-56.48195199951441
Oahu,2308022002,-56.4819519995144
Oahu,2308022004,-56.48195199951441
Oahu,2308022006,-89.0912074628047
Oahu,2308022008,101.50750902363558
Oahu,2308022010,145.83098398969994
Oahu,2308022012,145.83098398969994
Oahu,2308022014,145.83098398969994
Oahu,2308022016,8.483317477335206
Oahu,2308022018,-111.826515503803
Oahu,2308022020,-99.7220239769029
Oahu,2308022022,-77.39817552801681
Oahu,2308041000,-3.9533514719159557
Oahu,2308041002,-3.953351471915956
Oahu,2308041004,-3.953351471915956
Oahu,2308041006,-89.9845078930482
Oahu,2308041008,73.12053589284616
Oahu,2308041010,80.37026845132803
Oahu,2308041012,80.37026845132803
Oahu,2308041014,80.37026845132803
Oahu,2308041016,80.37026845132803
Oahu,2308041018,-111.278624573254
Oahu,2308041020,-101.999127982724
Oahu,2308041022,-79.4792948333842
Oahu,2308061700,15.78928301905356
Oahu,2308061702,15.78928301905356
Oahu,2308061704,15.789283019053558
Oahu,2308061706,-91.0846209077483
Oahu,2308061708,122.08348422207561
Oahu,2308061710,122.08348422207563
Oahu,2308061712,122.08348422207563
Oahu,2308061714,55.59875567246179
Oahu,2308061716,-78.6101271736951
Oahu,2308061718,-109.13578632906899
Oahu,2308061720,-105.886338339784
Oahu,2308061722,-84.500184645553
Oahu,2308081800,-63.77236629870201
Oahu,2308081802,-63.772366298702
Oahu,2308081804,-63.77236629870201
Oahu,2308081806,-94.8256548307681
Oahu,2308081808,141.13055448104012
Oahu,2308081810,141.13055448104012
Oahu,2308081812,141.13055448104012
Oahu,2308081814,141.13055448104012
Oahu,2308081816,30.171134798780994
Oahu,2308081818,-113.30343888180602
Oahu,2308081820,-109.26030699510301
Oahu,2308081822,-85.9868531191583
Oahu,2308091000,-63.48001343062231
Oahu,2308091002,-63.4800134306223
Oahu,2308091004,-63.48001343062231
Oahu,2308091006,-94.24961140181101
Oahu,2308091008,117.82816276124552
Oahu,2308091010,117.82816276124552
Oahu,2308091012,117.82816276124552
Oahu,2308091014,117.82816276124552
Oahu,2308091016,117.82816276124551
Oahu,2308091018,-115.453856644792
Oahu,2308091020,-105.972961411807
Oahu,2308091022,-83.0243440559507
Oahu,2308112200,53.88173546724018
Oahu,2308112202,80.79313026019634
Oahu,2308112204,80.79313026019634
Oahu,2308112206,-47.28017750708358
Oahu,2308112208,-59.85704496477279
Oahu,2308112210,74.42809891386015
Oahu,2308112212,87.89442941828852
Oahu,2308112214,87.89442941828852
Oahu,2308112216,-94.4618379282688
Oahu,2308112218,-98.9066843114806
Oahu,2308112220,-89.0273229471872
Oahu,2308112222,-76.151886079277
Oahu,2507011200,-61.50659289874621
Oahu,2507011202,-61.506592898746206
Oahu,2507011204,-61.50659289874621
Oahu,2507011206,-94.8896870974046
Oahu,2507011208,-31.986922637279804
Oahu,2507011210,151.4929800119021
Oahu,2507011212,151.4929800119021
Oahu,2507011214,151.4929800119021
Oahu,2507011216,151.49298001190212
Oahu,2507011218,-111.27673423998101
Oahu,2507011220,-99.98333655065181
Oahu,2507011222,-83.31546082605252
Oahu,2507011900,-57.7084132261728
Oahu,2507011902,-57.7084132261728
Oahu,2507011904,-57.7084132261728
Oahu,2507011906,-91.96842426141681
Oahu,2507011908,158.2684006211873
Oahu,2507011910,158.2684006211873
Oahu,2507011912,158.2684006211873
Oahu,2507011914,158.2684006211873
Oahu,2507011916,-78.24735500355527
Oahu,2507011918,-109.296946535296
Oahu,2507011920,-98.56628198159251
Oahu,2507011922,-81.86935502437021
Oahu,2507021200,-56.605542358074196
Oahu,2507021202,-52.39849348562031
Oahu,2507021204,-60.6737908968845
Oahu,2507021206,-87.56447259007311
Oahu,2507021208,109.01666496733509
Oahu,2507021210,109.01666496733509
Oahu,2507021212,109.01666496733509
Oahu,2507021214,109.01666496733509
Oahu,2507021216,109.01666496733509
Oahu,2507021218,-111.17989679790401
Oahu,2507021220,-99.3517412339944
Oahu,2507021222,-77.3093874741248
Oahu,2507050200,-64.66026559571871
Oahu,2507050202,-59.8775719286963
Oahu,2507050204,-65.5339545175684
Oahu,2507050206,-92.68824924752201
Oahu,2507050208,115.86199615059645
Oahu,2507050210,115.86199615059645
Oahu,2507050212,115.86199615059645
Oahu,2507050214,115.86199615059645
Oahu,2507050216,115.86199615059645
Oahu,2507050218,-110.368614227615
Oahu,2507050220,-103.85360631899401
Oahu,2507050222,-82.3277189168677
Oahu,2507092200,-72.8667008259503
Oahu,2507092202,-66.61315401093701
Oahu,2507092204,-68.3540760251648
Oahu,2507092206,-82.5396853178583
Oahu,2507092208,118.10281456025673
Oahu,2507092210,118.10281456025673
Oahu,2507092212,118.10281456025673
Oahu,2507092214,118.10281456025673
Oahu,2507092216,118.10281456025673
Oahu,2507092218,-110.67419015594601
Oahu,2507092220,-101.272350501854
Oahu,2507092222,-88.1939159635732
Oahu,2507102700,-71.6540808568313
Oahu,2507102702,-65.3930022407675
Oahu,2507102704,-67.679441845362
Oahu,2507102706,-81.6627684812727
Oahu,2507102708,149.01282538590968
Oahu,2507102710,149.01282538590965
Oahu,2507102712,149.01282538590965
Oahu,2507102714,149.01282538590965
Oahu,2507102716,-14.58722569023423
Oahu,2507102718,-108.83965861437801
Oahu,2507102720,-99.8757393927885
Oahu,2507102722,-86.3593844220045
Oahu,2507121500,-68.039892324204
Oahu,2507121502,-61.05468483572051
Oahu,2507121504,-61.054684835720515
Oahu,2507121506,-77.355654252006
Oahu,2507121508,106.42143370614359
Oahu,2507121510,145.98341858643744
Oahu,2507121512,145.98341858643744
Oahu,2507121514,145.98341858643744
Oahu,2507121516,6.958726356761279
Oahu,2507121518,-104.97584467550801
Oahu,2507121520,-96.4369342274784
Oahu,2507121522,-82.4127206715797
Oahu,2508022000,-62.5646532584542
Oahu,2508022002,-57.254469250617106
Oahu,2508022004,-64.7370012616604
Oahu,2508022006,-90.90798389287801
Oahu,2508022008,120.41450532957124
Oahu,2508022010,120.41450532957123
Oahu,2508022012,120.41450532957123
Oahu,2508022014,120.41450532957123
Oahu,2508022016,88.89717672363663
Oahu,2508022018,-114.37135376084001
Oahu,2508022020,-101.879235279441
Oahu,2508022022,-78.8405013380309
Oahu,2508041000,-56.1649428601202
Oahu,2508041002,-56.1649428601202
Oahu,2508041004,-56.1649428601202
Oahu,2508041006,-91.82989083868301
Oahu,2508041008,-54.592642531184666
Oahu,2508041010,153.48520112525244
Oahu,2508041012,153.48520112525244
Oahu,2508041014,153.48520112525244
Oahu,2508041016,153.48520112525244
Oahu,2508041018,-113.805917500746
Oahu,2508041020,-104.22925989402
Oahu,2508041022,-80.9882651560155
Oahu,2508061700,-64.0329995939547
Oahu,2508061702,-64.0329995939547
Oahu,2508061704,-64.0329995939547
Oahu,2508061706,-92.96523321072901
Oahu,2508061708,144.8344285363018
Oahu,2508061710,144.8344285363018
Oahu,2508061712,144.8344285363018
Oahu,2508061714,144.8344285363018
Oahu,2508061716,11.731869001065377
Oahu,2508061718,-111.59445829377901
Oahu,2508061720,-108.24095193697799
Oahu,2508061722,-86.16994092292231
Oahu,2508081800,-64.778347391351
Oahu,2508081802,-64.778347391351
Oahu,2508081804,-71.1154798636668
Oahu,2508081806,-96.8260677534642
Oahu,2508081808,122.56419995048955
Oahu,2508081810,122.56419995048955
Oahu,2508081812,122.56419995048955
Oahu,2508081814,122.56419995048955
Oahu,2508081816,122.56419995048955
Oahu,2508081818,-115.89557324457101
Oahu,2508081820,-111.72296653470902
Oahu,2508081822,-87.7042175733348
Oahu,2508091000,-64.47663239090569
Oahu,2508091002,-64.47663239090569
Oahu,2508091004,-71.1780577896851
Oahu,2508091006,-96.2315774562905
Oahu,2508091008,94.26332673856679
Oahu,2508091010,128.2979039644535
Oahu,2508091012,128.2979039644535
Oahu,2508091014,128.2979039644535
Oahu,2508091016,128.2979039644535
Oahu,2508091018,-118.11485469229102
Oahu,2508091020,-108.330348974147
Oahu,2508091022,-84.6468389021558
Oahu,2508112200,-19.036059740787525
Oahu,2508112202,-19.036059740787522
Oahu,2508112204,-19.036059740787525
Oahu,2508112206,-19.845772394126158
Oahu,2508112208,-20.673484130285054
Oahu,2508112210,6.5905244063831345
Oahu,2508112212,182.40988399365656
Oahu,2508112214,182.4098839936565
Oahu,2508112216,-33.05878162552325
Oahu,2508112218,-101.037785667088
Oahu,2508112220,-90.8420535779659
Oahu,2508112222,-48.84423577634517
Oahu,3007011200,-69.16504512842991
Oahu,3007011202,-63.459412323892
Oahu,3007011204,-69.889397291568
Oahu,3007011206,-97.203782013864
Oahu,3007011208,82.27467812553616
Oahu,3007011210,129.76699597551388
Oahu,3007011212,129.76699597551388
Oahu,3007011214,129.76699597551388
Oahu,3007011216,129.76699597551388
Oahu,3007011218,-113.76817157030901
Oahu,3007011220,-102.352555497791
Oahu,3007011222,-85.50429820173781
Oahu,3007011900,-59.620128336088214
Oahu,3007011902,-59.62012833608821
Oahu,3007011904,-66.963710626641
Oahu,3007011906,-94.2509049524228
Oahu,3007011908,170.804396525654
Oahu,3007011910,170.804396525654
Oahu,3007011912,170.804396525654
Oahu,3007011914,170.80439652565403
Oahu,3007011916,-106.03304756995202
Oahu,3007011918,-111.76695838686501
Oahu,3007011920,-100.920165409424
Oahu,3007011922,-84.0425424851348
Oahu,3007021200,-58.5053220790064
Oahu,3007021202,-54.252744064186906
Oahu,3007021204,-62.61759764781271
Oahu,3007021206,-89.7992932351194
Oahu,3007021208,111.99851892493412
Oahu,3007021210,111.99851892493412
Oahu,3007021212,111.99851892493412
Oahu,3007021214,111.99851892493412
Oahu,3007021216,111.99851892493412
Oahu,3007021218,-113.670286142858
Oahu,3007021220,-101.714124987638
Oahu,3007021222,-79.4332264680491
Oahu,3007050200,-66.64721441121581
Oahu,3007050202,-61.8127619109926
Oahu,3007050204,-67.5303584899968
Oahu,3007050206,-94.97851996314262
Oahu,3007050208,118.9179310298655
Oahu,3007050210,118.91793102986551
Oahu,3007050212,118.91793102986551
Oahu,3007050214,118.91793102986551
Oahu,3007050216,118.91793102986551
Oahu,3007050218,-112.85022378399002
Oahu,3007050220,-106.264709748253
Oahu,3007050222,-84.5058668417367
Oahu,3007092200,-74.94246057976531
Oahu,3007092202,-68.6212371981461
Oahu,3007092204,-70.3809996605446
Oahu,3007092206,-84.72012716626851
Oahu,3007092208,121.1829998210836
Oahu,3007092210,121.1829998210836
Oahu,3007092212,121.1829998210836
Oahu,3007092214,121.1829998210836
Oahu,3007092216,121.1829998210836
Oahu,3007092218,-113.15910668839099
Oahu,3007092220,-103.65551929875102
Oahu,3007092222,-90.43554851355151
Oahu,3007102700,-73.7167175049056
Oahu,3007102702,-67.38788081226241
Oahu,3007102704,-69.6990645159686
Oahu,3007102706,-83.8337202399058
Oahu,3007102708,157.39264976751687
Oahu,3007102710,157.39264976751687
Oahu,3007102712,157.39264976751687
Oahu,3007102714,157.39264976751687
Oahu,3007102716,-32.80353696788344
Oahu,3007102718,-111.304721646124
Oahu,3007102720,-102.243793911734
Oahu,3007102722,-88.58116347128362
Oahu,3007121500,-70.0634158292588
Oahu,3007121502,-63.0026136624536
Oahu,3007121504,-65.6520458987964
Oahu,3007121506,-79.4799939500535
Oahu,3007121508,88.41847629388282
Oahu,3007121510,148.5619802480227
Oahu,3007121512,148.56198024802273
Oahu,3007121514,148.56198024802273
Oahu,3007121516,34.85230750951827
Oahu,3007121518,-107.399093090825
Oahu,3007121520,-98.7677736213603
Oahu,3007121522,-84.59178849472151
Oahu,3008022000,-64.52892312836771
Oahu,3008022002,-59.1612717292521
Oahu,3008022004,-66.7247805189149
Oahu,3008022006,-93.17898838240092
Oahu,3008022008,160.85185220645226
Oahu,3008022010,160.85185220645226
Oahu,3008022012,160.85185220645226
Oahu,3008022014,160.85185220645226
Oahu,3008022016,-57.66728160218412
Oahu,3008022018,-116.89628140159901
Oahu,3008022020,-104.26897184968101
Oahu,3008022022,-80.9809102134092
Oahu,3008041000,-62.02808554468881
Oahu,3008041002,-58.05995436516591
Oahu,3008041004,-67.32005667365691
Oahu,3008041006,-94.1108723058585
Oahu,3008041008,117.52800817424155
Oahu,3008041010,117.52800817424155
Oahu,3008041012,117.52800817424155
Oahu,3008041014,117.52800817424155
Oahu,3008041016,117.52800817424155
Oahu,3008041018,-116.32472592854499
Oahu,3008041020,-106.644428687295
Oahu,3008041022,-83.1519173659976
Oahu,3008061700,-71.8123019628577
Oahu,3008061702,-66.0131600682746
Oahu,3008061704,-72.619934696521
Oahu,3008061706,-95.2585014770499
Oahu,3008061708,133.44198035726188
Oahu,3008061710,133.44198035726185
Oahu,3008061712,133.44198035726185
Oahu,3008061714,133.44198035726185
Oahu,3008061716,85.11451633781222
Oahu,3008061718,-114.089334068518
Oahu,3008061720,-110.699535699674
Oahu,3008061722,-88.38966979396452
Oahu,3008081800,-71.7332330238977
Oahu,3008081802,-66.76657410093671
Oahu,3008081804,-73.1722877129704
Oahu,3008081806,-99.161118392863
Oahu,3008081808,126.685998595847
Oahu,3008081810,126.685998595847
Oahu,3008081812,126.685998595847
Oahu,3008081814,126.685998595847
Oahu,3008081816,126.68599859584698
Oahu,3008081818,-118.436996155049
Oahu,3008081820,-114.21923303966601
Oahu,3008081822,-89.9405505538521
Oahu,3008091000,-71.5513744642896
Oahu,3008091002,-66.46159390780511
Oahu,3008091004,-73.23554286413841
Oahu,3008091006,-98.56019445676671
Oahu,3008091008,125.62579708001988
Oahu,3008091010,125.62579708001988
Oahu,3008091012,125.62579708001988
Oahu,3008091014,125.62579708001988
Oahu,3008091016,125.62579708001988
Oahu,3008091018,-120.680294908972
Oahu,3008091020,-110.789900201342
Oahu,3008091022,-86.8500845967856
Oahu,3008112200,8.729020763501934
Oahu,3008112202,8.729020763501934
Oahu,3008112204,8.729020763501934
Oahu,3008112206,-76.0684699914493
Oahu,3008112208,-58.145809855824574
Oahu,3008112210,86.47457147378924
Oahu,3008112212,154.39558721579994
Oahu,3008112214,154.39558721579994
Oahu,3008112216,-11.026976862823602
Oahu,3008112218,-103.418415977725
Oahu,3008112220,-93.1123445624203
Oahu,3008112222,-79.6807909456521
Oahu,3507011200,-69.6983617369081
Oahu,3507011202,-63.7472186042132
Oahu,3507011204,-70.4538823862361
Oahu,3507011206,-98.9435904751609
Oahu,3507011208,51.68867139483304
Oahu,3507011210,145.48613671277116
Oahu,3507011212,145.48613671277116
Oahu,3507011214,145.48613671277116
Oahu,3507011216,121.97130558488885
Oahu,3507011218,-116.22073685544001
Oahu,3507011220,-104.31391292849202
Oahu,3507011222,-86.74068413158511
Oahu,3507011900,-59.74273227969681
Oahu,3507011902,-59.74273227969681
Oahu,3507011904,-67.4023049888001
Oahu,3507011906,-95.8636526929904
Oahu,3507011908,173.26838177381364
Oahu,3507011910,173.26838177381364
Oahu,3507011912,173.26838177381364
Oahu,3507011914,173.26838177381364
Oahu,3507011916,-108.15277460615901
Oahu,3507011918,-114.133412538978
Oahu,3507011920,-102.819887860677
Oahu,3507011922,-85.21602984825641
Oahu,3507021200,-58.5799565055809
Oahu,3507021202,-54.1443923330996
Oahu,3507021204,-62.86918109283201
Oahu,3507021206,-91.22049050425221
Oahu,3507021208,113.39780968582875
Oahu,3507021210,113.39780968582875
Oahu,3507021212,113.39780968582875
Oahu,3507021214,113.39780968582875
Oahu,3507021216,113.39780968582875
Oahu,3507021218,-116.11863947039501
Oahu,3507021220,-103.648011094926
Oahu,3507021222,-80.408377428058
Oahu,3507050200,-67.0721901104901
Oahu,3507050202,-62.029713704689804
Oahu,3507050204,-67.99333540666781
Oahu,3507050206,-96.62257658848651
Oahu,3507050208,120.6149603930732
Oahu,3507050210,120.61496039307322
Oahu,3507050212,120.61496039307322
Oahu,3507050214,120.61496039307322
Oahu,3507050216,120.61496039307322
Oahu,3507050218,-115.26329026680202
Oahu,3507050220,-108.394405084097
Oahu,3507050222,-85.6992908041329
Oahu,3507092200,-75.7243762853022
Oahu,3507092202,-69.1311540422174
Oahu,3507092204,-70.9666381422365
Oahu,3507092206,-85.9227706358411
Oahu,3507092208,122.97749388299893
Oahu,3507092210,122.97749388299893
Oahu,3507092212,122.97749388299893
Oahu,3507092214,122.97749388299891
Oahu,3507092216,122.97749388299891
Oahu,3507092218,-115.58546423738602
Oahu,3507092220,-105.67294256497101
Oahu,3507092222,-91.8841235070404
Oahu,3507102700,-74.44589014146929
Oahu,3507102702,-67.8447269906589
Oahu,3507102704,-70.2553596930944
Oahu,3507102706,-84.9982220934952
Oahu,3507102708,169.85942238274302
Oahu,3507102710,169.85942238274302
Oahu,3507102712,169.85942238274302
Oahu,3507102714,169.85942238274302
Oahu,3507102716,-74.09178795606402
Oahu,3507102718,-113.651285998491
Oahu,3507102720,-104.200471389554
Oahu,3507102722,-89.9499452681451
Oahu,3507121500,-70.6353888485371
Oahu,3507121502,-63.270764140673
Oahu,3507121504,-66.0342000292062
Oahu,3507121506,-80.4571572898014
Oahu,3507121508,-80.4571572898014
Oahu,3507121510,80.58944212259405
Oahu,3507121512,231.9241970956562
Oahu,3507121514,231.9241970956562
Oahu,3507121516,112.35822104431969
Oahu,3507121518,-109.577600335222
Oahu,3507121520,-100.574879805091
Oahu,3507121522,-85.78890961989401
Oahu,3508022000,-64.8627498866217
Oahu,3508022002,-59.2641313184691
Oahu,3508022004,-67.1530938463205
Oahu,3508022006,-94.74561212623081
Oahu,3508022008,173.55784377825586
Oahu,3508022010,274.8833719962887
Oahu,3508022012,274.8833719962887
Oahu,3508022014,-15.272459203702901
Oahu,3508022016,-114.20764498130501
Oahu,3508022018,-119.483447579829
Oahu,3508022020,-106.31279165108799
Oahu,3508022022,-82.02265717726621
Oahu,3508041000,-62.254302599187
Oahu,3508041002,-58.11542485720051
Oahu,3508041004,-67.7739844156422
Oahu,3508041006,-95.7175945165351
Oahu,3508041008,59.53522892548172
Oahu,3508041010,134.07273014402298
Oahu,3508041012,134.07273014402298
Oahu,3508041014,134.07273014402298
Oahu,3508041016,134.07273014402298
Oahu,3508041018,-118.88729838044301
Oahu,3508041020,-108.790463126009
Oahu,3508041022,-84.28708160655691
Oahu,3508061700,-72.45952861714531
Oahu,3508061702,-66.41085274827
Oahu,3508061704,-73.301913355409
Oahu,3508061706,-96.9146055572007
Oahu,3508061708,141.073777077505
Oahu,3508061710,141.073777077505
Oahu,3508061712,141.073777077505
Oahu,3508061714,141.073777077505
Oahu,3508061716,64.11778171691836
Oahu,3508061718,-116.555718804186
Oahu,3508061720,-113.020059224424
Oahu,3508061722,-89.75021172030341
Oahu,3508081800,-72.3770573840285
Oahu,3508081802,-67.1966857838251
Oahu,3508081804,-73.87803382675301
Oahu,3508081806,-100.98514999174802
Oahu,3508081808,128.7172837519886
Oahu,3508081810,128.7172837519886
Oahu,3508081812,128.7172837519886
Oahu,3508081814,128.7172837519886
Oahu,3508081816,128.7172837519886
Oahu,3508081818,-121.090458465132
Oahu,3508081820,-116.691207258592
Oahu,3508081822,-91.3678260498643
Oahu,3508091000,-72.1873735478601
Oahu,3508091002,-66.8785824560891
Oahu,3508091004,-73.94401081324631
Oahu,3508091006,-100.35836862006101
Oahu,3508091008,127.61146233194057
Oahu,3508091010,127.61146233194059
Oahu,3508091012,127.61146233194059
Oahu,3508091014,127.61146233194059
Oahu,3508091016,127.61146233194059
Oahu,3508091018,-123.43028516470099
Oahu,3508091020,-113.114312062272
Oahu,3508091022,-88.1443789954734
Oahu,3508112200,-60.359820558448504
Oahu,3508112202,-60.3598205584485
Oahu,3508112204,-60.359820558448504
Oahu,3508112206,-76.89883727977131
Oahu,3508112208,-65.07801971556067
Oahu,3508112210,208.07703305215114
Oahu,3508112212,208.07703305215114
Oahu,3508112214,208.07703305215114
Oahu,3508112216,-20.406448539878163
Oahu,3508112218,-105.42563681484701
Oahu,3508112220,-94.6761006583181
Oahu,3508112222,-80.6665944727326
Oahu,4007011200,-71.0054845054975
Oahu,4007011202,-64.78873021538031
Oahu,4007011204,-71.7947255190731
Oahu,4007011206,-101.555985000964
Oahu,4007011208,181.48900121381135
Oahu,4007011210,181.48900121381135
Oahu,4007011212,181.48900121381135
Oahu,4007011214,181.48900121381135
Oahu,4007011216,-101.23240086970895
Oahu,4007011218,-119.604244215315
Oahu,4007011220,-107.16599544881302
Oahu,4007011222,-88.8084390804935
Oahu,4007011900,-60.605515834115906
Oahu,4007011902,-60.6055158341159
Oahu,4007011904,-68.6069502540302
Oahu,4007011906,-98.3385835717482
Oahu,4007011908,177.39438566804606
Oahu,4007011910,177.39438566804606
Oahu,4007011912,177.39438566804606
Oahu,4007011914,177.39438566804606
Oahu,4007011916,-111.17619303130601
Oahu,4007011918,-117.42375853216299
Oahu,4007011920,-105.605289120166
Oahu,4007011922,-87.215736494539
Oahu,4007021200,-59.3908431030122
Oahu,4007021202,-54.7573110263141
Oahu,4007021204,-63.87150417257621
Oahu,4007021206,-93.4881879733019
Oahu,4007021208,115.93386371148165
Oahu,4007021210,115.93386371148165
Oahu,4007021212,115.93386371148165
Oahu,4007021214,115.93386371148165
Oahu,4007021216,115.93386371148165
Oahu,4007021218,-119.49759002429101
Oahu,4007021220,-106.47037311402501
Oahu,4007021222,-82.19350914388781
Oahu,4007050200,-68.2621017030535
Oahu,4007050202,-62.9945697130476
Oahu,4007050204,-69.224359515401
Oahu,4007050206,-99.13137972502471
Oahu,4007050208,123.47312997029323
Oahu,4007050210,123.47312997029323
Oahu,4007050212,123.47312997029323
Oahu,4007050214,123.47312997029323
Oahu,4007050216,123.47312997029323
Oahu,4007050218,-118.604064912826
Oahu,4007050220,-111.428607950062
Oahu,4007050222,-87.7205663320514
Oahu,4007092200,-77.300451869032
Oahu,4007092202,-70.4129612220322
Oahu,4007092204,-72.3303665673257
Oahu,4007092206,-87.95402050573671
Oahu,4007092208,125.94110795058258
Oahu,4007092210,125.94110795058258
Oahu,4007092212,125.94110795058258
Oahu,4007092214,125.94110795058258
Oahu,4007092216,125.94110795058258
Oahu,4007092218,-118.94061813783401
Oahu,4007092220,-108.585681235996
Oahu,4007092222,-94.18144021495621
Oahu,4007102700,-75.9649043881014
Oahu,4007102702,-69.0691184151331
Oahu,4007102704,-71.58734236986031
Oahu,4007102706,-86.98820755368841
Oahu,4007102708,202.38252896097265
Oahu,4007102710,202.38252896097265
Oahu,4007102712,202.38252896097265
Oahu,4007102714,123.9397360256213
Oahu,4007102716,-111.34920983007801
Oahu,4007102718,-116.92011374121802
Oahu,4007102720,-107.04749079212
Oahu,4007102722,-92.1609358183398
Oahu,4007121500,-71.984332969782
Oahu,4007121502,-64.29101065726961
Oahu,4007121504,-67.1777840943121
Oahu,4007121506,-82.24446614626581
Oahu,4007121508,43.46564825169517
Oahu,4007121510,43.46564825169517
Oahu,4007121512,303.79689233782096
Oahu,4007121514,303.79689233782096
Oahu,4007121516,-105.08860881698399
Oahu,4007121518,-112.66461151937001
Oahu,4007121520,-103.26008196421002
Oahu,4007121522,-87.81418501083891
Oahu,4008022000,-65.9540498407096
Oahu,4008022002,-60.105553975927606
Oahu,4008022004,-68.34661633084771
Oahu,4008022006,-97.1706426677995
Oahu,4008022008,-108.62517781374402
Oahu,4008022010,331.0663761061429
Oahu,4008022012,331.0663761061429
Oahu,4008022014,171.71709402476958
Oahu,4008022016,-117.501304113577
Oahu,4008022018,-123.01257610063402
Oahu,4008022020,-109.25408803826002
Oahu,4008022022,-83.879837355556
Oahu,4008041000,-63.2291824491634
Oahu,4008041002,-58.9055784986207
Oahu,4008041004,-68.9952184606331
Oahu,4008041006,-98.1860065332131
Oahu,4008041008,121.95869517021964
Oahu,4008041010,121.95869517021964
Oahu,4008041012,121.95869517021964
Oahu,4008041014,121.95869517021964
Oahu,4008041016,121.95869517021964
Oahu,4008041018,-122.38981959651301
Oahu,4008041020,-111.842342837005
Oahu,4008041022,-86.24532747594981
Oahu,4008061700,-73.88988766396601
Oahu,4008061702,-67.5712475608955
Oahu,4008061704,-74.7698696806578
Oahu,4008061706,-99.4364425177708
Oahu,4008061708,136.8582938142638
Oahu,4008061710,136.85829381426373
Oahu,4008061712,136.85829381426373
Oahu,4008061714,136.85829381426373
Oahu,4008061716,96.40145108310116
Oahu,4008061718,-119.9541770636
Oahu,4008061720,-116.26071408165302
Oahu,4008061722,-91.95228777161361
Oahu,4008081800,-73.8037355784158
Oahu,4008081802,-68.39215386178141
Oahu,4008081804,-75.3717035354302
Oahu,4008081806,-103.688663311715
Oahu,4008081808,131.93707586746442
Oahu,4008081810,131.93707586746442
Oahu,4008081812,131.93707586746442
Oahu,4008081814,131.93707586746442
Oahu,4008081816,131.93707586746442
Oahu,4008081818,-124.691311024784
Oahu,4008081820,-120.095712632718
Oahu,4008081822,-93.6420993924776
Oahu,4008091000,-73.6055857816502
Oahu,4008091002,-68.0598529603733
Oahu,4008091004,-75.4406252038704
Oahu,4008091006,-103.033907461533
Oahu,4008091008,130.78189947464367
Oahu,4008091010,130.78189947464367
Oahu,4008091012,130.78189947464367
Oahu,4008091014,130.78189947464367
Oahu,4008091016,130.78189947464367
Oahu,4008091018,-127.135568766252
Oahu,4008091020,-116.359173607997
Oahu,4008091022,-90.27478359154242
Oahu,4008112200,-58.14005472204889
Oahu,4008112202,-58.14005472204889
Oahu,4008112204,-58.14005472204889
Oahu,4008112206,-78.52733135472751
Oahu,4008112208,-98.40261749116824
Oahu,4008112210,219.37950833641278
Oahu,4008112212,219.37950833641278
Oahu,4008112214,219.37950833641278
Oahu,4008112216,-18.899794563224226
Oahu,4008112218,-108.32733774655601
Oahu,4008112220,-97.0980287671215
Oahu,4008112222,-82.4632509202942
Oahu,4507011200,-71.9611624111596
Oahu,4507011202,-65.4595939469239
Oahu,4507011204,-72.78656168626081
Oahu,4507011206,-103.91130251943201
Oahu,4507011208,-43.767755164597475
Oahu,4507011210,265.8900589729777
Oahu,4507011212,265.8900589729777
Oahu,4507011214,265.8900589729777
Oahu,4507011216,-116.63930635620301
Oahu,4507011218,-122.78642408067999
Oahu,4507011220,-109.778329799205
Oahu,4507011222,-90.5797409544713
Oahu,4507011900,-67.4400564718665
Oahu,4507011902,-61.0847299212373
Oahu,4507011904,-69.45274179133251
Oahu,4507011906,-100.54649916823101
Oahu,4507011908,182.51562778999255
Oahu,4507011910,182.51562778999255
Oahu,4507011912,182.51562778999255
Oahu,4507011914,182.51562778999255
Oahu,4507011916,-113.97225044026
Oahu,4507011918,-120.50604169901902
Oahu,4507011920,-108.146121322766
Oahu,4507011922,-88.91407034525801
Oahu,4507021200,-59.814408214062
Oahu,4507021202,-54.9685956530324
Oahu,4507021204,-64.5003461407252
Oahu,4507021206,-95.47388770728611
Oahu,4507021208,118.02894288741238
Oahu,4507021210,118.02894288741238
Oahu,4507021212,118.02894288741238
Oahu,4507021214,118.02894288741238
Oahu,4507021216,118.02894288741238
Oahu,4507021218,-122.674883638099
Oahu,4507021220,-109.05083824592501
Oahu,4507021222,-83.66175483793221
Oahu,4507050200,-69.0920943603198
Oahu,4507050202,-63.5832358350572
Oahu,4507050204,-70.0984370200528
Oahu,4507050206,-101.375616458085
Oahu,4507050208,125.91361283965549
Oahu,4507050210,125.91361283965549
Oahu,4507050212,125.91361283965549
Oahu,4507050214,125.91361283965549
Oahu,4507050216,125.91361283965549
Oahu,4507050218,-121.74042259691801
Oahu,4507050220,-114.23622948770202
Oahu,4507050222,-89.44202844014261
Oahu,4507092200,-78.54452719995491
Oahu,4507092202,-71.34149328570831
Oahu,4507092204,-73.3467425756689
Oahu,4507092206,-89.68617807557041
Oahu,4507092208,128.49465868098574
Oahu,4507092210,128.49465868098574
Oahu,4507092212,128.49465868098574
Oahu,4507092214,128.49465868098574
Oahu,4507092216,128.49465868098574
Oahu,4507092218,-122.092394660175
Oahu,4507092220,-111.263057023787
Oahu,4507092222,-96.1989005840642
Oahu,4507102700,-77.1477929911875
Oahu,4507102702,-69.9360837091846
Oahu,4507102704,-72.56967749235291
Oahu,4507102706,-88.6761174010847
Oahu,4507102708,154.5491083984615
Oahu,4507102710,154.5491083984615
Oahu,4507102712,154.5491083984615
Oahu,4507102714,154.5491083984615
Oahu,4507102716,13.85278578273983
Oahu,4507102718,-119.97932294238602
Oahu,4507102720,-109.654395974115
Oahu,4507102722,-94.08582886627511
Oahu,4507121500,-72.9848558064053
Oahu,4507121502,-64.9390718815448
Oahu,4507121504,-67.9580998607438
Oahu,4507121506,-83.7150463827211
Oahu,4507121508,-104.86683231088267
Oahu,4507121510,230.9915088981737
Oahu,4507121512,290.92021677954244
Oahu,4507121514,290.92021677954244
Oahu,4507121516,-107.605769845373
Oahu,4507121518,-115.528859283394
Oahu,4507121520,-105.69347092423
Oahu,4507121522,-89.53993616196391
Oahu,4508022000,-66.6783014867796
Oahu,4508022002,-60.561862827119505
Oahu,4508022004,-69.1804809384587
Oahu,4508022006,-99.3250502585845
Oahu,4508022008,75.4630580331708
Oahu,4508022010,221.53603640854533
Oahu,4508022012,221.53603640854533
Oahu,4508022014,221.5360364085453
Oahu,4508022016,-120.58713995111901
Oahu,4508022018,-126.35090516954399
Oahu,4508022020,-111.96208619304201
Oahu,4508022022,-85.4253404341593
Oahu,4508041000,-63.8285971112561
Oahu,4508041002,-59.3069117132373
Oahu,4508041004,-69.8587981046289
Oahu,4508041006,-100.386931970331
Oahu,4508041008,124.32979577406061
Oahu,4508041010,124.32979577406061
Oahu,4508041012,124.32979577406061
Oahu,4508041014,124.32979577406061
Oahu,4508041016,124.32979577406061
Oahu,4508041018,-125.69961771967301
Oahu,4508041020,-114.668919210985
Oahu,4508041022,-87.89920304019181
Oahu,4508061700,-74.977711519921
Oahu,4508061702,-68.3695894494886
Oahu,4508061704,-75.8980090034346
Oahu,4508061706,-101.69465538746401
Oahu,4508061708,174.76475939393674
Oahu,4508061710,201.8791062805592
Oahu,4508061712,201.8791062805592
Oahu,4508061714,201.8791062805592
Oahu,4508061716,-123.15238874082901
Oahu,4508061718,-123.152388740829
Oahu,4508061720,-119.28971356876701
Oahu,4508061722,-93.8676218248811
Oahu,4508081800,-74.887612465591
Oahu,4508081802,-69.22810472431881
Oahu,4508081804,-76.5274152543971
Oahu,4508081806,-106.141687283323
Oahu,4508081808,134.76532567243174
Oahu,4508081810,134.76532567243174
Oahu,4508081812,134.76532567243174
Oahu,4508081814,134.76532567243174
Oahu,4508081816,134.76532567243174
Oahu,4508081818,-128.106549599632
Oahu,4508081820,-123.30040861580001
Oahu,4508081822,-95.6348504190969
Oahu,4508091000,-74.68038464063191
Oahu,4508091002,-68.88057980047451
Oahu,4508091004,-76.5994944978611
Oahu,4508091006,-105.45693447041499
Oahu,4508091008,133.5572260668011
Oahu,4508091010,133.5572260668011
Oahu,4508091012,133.5572260668011
Oahu,4508091014,133.5572260668011
Oahu,4508091016,133.5572260668011
Oahu,4508091018,-130.662788483909
Oahu,4508091020,-119.39268391657299
Oahu,4508091022,-92.1132645241411
Oahu,4508112200,-61.7588931203611
Oahu,4508112202,-61.7588931203611
Oahu,4508112204,-61.7588931203611
Oahu,4508112206,-79.8276149015706
Oahu,4508112208,-65.81370553264871
Oahu,4508112210,218.19296414962432
Oahu,4508112212,218.1929641496243
Oahu,4508112214,218.1929641496243
Oahu,4508112216,-29.47505067706703
Oahu,4508112218,-110.992877794321
Oahu,4508112220,-99.24910962707781
Oahu,4508112222,-83.9438545551044
Oahu,5007011200,-72.2776856759159
Oahu,5007011202,-65.2776545763461
Oahu,5007011204,-73.1663667114313
Oahu,5007011206,-106.67738101463301
Oahu,5007011208,-118.50110872589732
Oahu,5007011210,296.1996569352992
Oahu,5007011212,296.1996569352992
Oahu,5007011214,296.1996569352992
Oahu,5007011216,-120.381216201934
Oahu,5007011218,-126.999621511478
Oahu,5007011220,-112.99422188870201
Oahu,5007011222,-92.32371449956011
Oahu,5007011900,-67.40995531921929
Oahu,5007011902,-60.56737821693301
Oahu,5007011904,-69.5769493157312
Oahu,5007011906,-103.05460472120302
Oahu,5007011908,126.10336347351347
Oahu,5007011910,206.10894277915278
Oahu,5007011912,206.10894277915278
Oahu,5007011914,206.10894277915278
Oahu,5007011916,-117.509682285374
Oahu,5007011918,-124.544406638583
Oahu,5007011920,-111.236875156309
Oahu,5007011922,-90.53034015761921
Oahu,5007021200,-59.1996634100212
Oahu,5007021202,-53.982331805118804
Oahu,5007021204,-64.2448631026391
Oahu,5007021206,-97.5930859849206
Oahu,5007021208,119.79715371337356
Oahu,5007021210,119.79715371337356
Oahu,5007021212,119.79715371337356
Oahu,5007021214,119.79715371337356
Oahu,5007021216,119.79715371337356
Oahu,5007021218,-126.87952947965101
Oahu,5007021220,-112.210954970012
Oahu,5007021222,-84.87533981450511
Oahu,5007050200,-69.18865174615921
Oahu,5007050202,-63.25743972984431
Oahu,5007050204,-70.2721487444151
Oahu,5007050206,-103.94728882444599
Oahu,5007050208,128.2863260075907
Oahu,5007050210,128.2863260075907
Oahu,5007050212,128.2863260075907
Oahu,5007050214,128.2863260075907
Oahu,5007050216,128.2863260075907
Oahu,5007050218,-125.873425124128
Oahu,5007050220,-117.79390009403001
Oahu,5007050222,-91.0987757749308
Oahu,5007092200,-79.36578426549181
Oahu,5007092202,-71.61050772132481
Oahu,5007092204,-73.76949558238161
Oahu,5007092206,-91.36164388903971
Oahu,5007092208,131.06525562405366
Oahu,5007092210,131.06525562405366
Oahu,5007092212,131.06525562405366
Oahu,5007092214,131.06525562405366
Oahu,5007092216,131.06525562405366
Oahu,5007092218,-126.25238220233601
Oahu,5007092220,-114.59278026790201
Oahu,5007092222,-98.37368419179221
Oahu,5007102700,-77.86196515584341
Oahu,5007102702,-70.0973481203122
Oahu,5007102704,-72.9328544273244
Oahu,5007102706,-90.2741438230563
Oahu,5007102708,165.89770505375782
Oahu,5007102710,165.89770505375782
Oahu,5007102712,165.89770505375782
Oahu,5007102714,165.89770505375782
Oahu,5007102716,-19.487809646895585
Oahu,5007102718,-123.97730537718002
Oahu,5007102720,-112.86078629778302
Oahu,5007102722,-96.0986073666365
Oahu,5007121500,-73.3798636569004
Oahu,5007121502,-64.71722509448959
Oahu,5007121504,-67.96771608925751
Oahu,5007121506,-84.9327171185999
Oahu,5007121508,-107.70616942062361
Oahu,5007121510,276.1149317902921
Oahu,5007121512,276.1149317902921
Oahu,5007121514,276.1149317902921
Oahu,5007121516,-110.655095979905
Oahu,5007121518,-119.185633307307
Oahu,5007121520,-108.596184812037
Oahu,5007121522,-91.2041898917563
Oahu,5008022000,-66.5897980579072
Oahu,5008022002,-60.00442391753591
Oahu,5008022004,-69.2838147516955
Oahu,5008022006,-101.73950969435
Oahu,5008022008,188.80154803680492
Oahu,5008022010,188.80154803680492
Oahu,5008022012,188.80154803680492
Oahu,5008022014,188.80154803680492
Oahu,5008022016,-124.631722536268
Oahu,5008022018,-130.83738444716502
Oahu,5008022020,-115.34540264682602
Oahu,5008022022,-86.774136095472
Oahu,5008041000,-63.5216123788706
Oahu,5008041002,-58.65325813747231
Oahu,5008041004,-70.014137178458
Oahu,5008041006,-102.882803815943
Oahu,5008041008,126.58108076158896
Oahu,5008041010,126.58108076158896
Oahu,5008041012,126.58108076158896
Oahu,5008041014,126.58108076158896
Oahu,5008041016,126.58108076158896
Oahu,5008041018,-130.136164052589
Oahu,5008041020,-118.25976329859401
Oahu,5008041022,-89.4376649460178
Oahu,5008061700,-75.5255077500609
Oahu,5008061702,-68.4107537861159
Oahu,5008061704,-76.5163626554408
Oahu,5008061706,-104.29078784932202
Oahu,5008061708,175.2825380375188
Oahu,5008061710,175.2825380375188
Oahu,5008061712,175.2825380375188
Oahu,5008061714,175.2825380375188
Oahu,5008061716,-29.894600331076163
Oahu,5008061718,-127.39364397182402
Oahu,5008061720,-123.234824991341
Oahu,5008061722,-95.8636708148945
Oahu,5008081800,-75.4285009761076
Oahu,5008081802,-69.33508976078511
Oahu,5008081804,-77.19402426205731
Oahu,5008081806,-109.078765049444
Oahu,5008081808,137.81668248306906
Oahu,5008081810,137.81668248306906
Oahu,5008081812,137.81668248306906
Oahu,5008081814,137.81668248306906
Oahu,5008081816,137.81668248306906
Oahu,5008081818,-132.72763072819802
Oahu,5008081820,-127.553012243318
Oahu,5008081822,-97.76638939543521
Oahu,5008091000,-75.205385396015
Oahu,5008091002,-68.9609207755367
Oahu,5008091004,-77.2716296812199
Oahu,5008091006,-108.34151356739902
Oahu,5008091008,136.5159602254612
Oahu,5008091010,136.5159602254612
Oahu,5008091012,136.5159602254612
Oahu,5008091014,136.5159602254612
Oahu,5008091016,136.5159602254612
Oahu,5008091018,-135.479851486358
Oahu,5008091020,-123.345689875859
Oahu,5008091022,-93.97481034491841
Oahu,5008112200,-61.29322820005801
Oahu,5008112202,-61.293228200058
Oahu,5008112204,-61.29322820005801
Oahu,5008112206,-80.74724381086031
Oahu,5008112208,-3.3654223690859766
Oahu,5008112210,191.1196037229648
Oahu,5008112212,191.11960372296477
Oahu,5008112214,191.11960372296477
Oahu,5008112216,-4.227759055987235
Oahu,5008112218,-114.30188692130001
Oahu,5008112220,-101.65774684201801
Oahu,5008112222,-85.17906756946881
